{"stats":{"minecraft:picked_up":{"iceandfire:dragon_skull_lightning":3,"minecraft:crafting_table":10,"minecraft:allium":3,"minecraft:azure_bluet":1,"minecraft:chicken":17,"minecraft:clay_ball":342,"minecraft:flower_pot":1,"minecraft:lead":4,"minecraft:stone_slab":3,"biomesoplenty:jacaranda_sapling":6,"minecraft:potion":2,"biomesoplenty:jacaranda_fence":4,"minecraft:stone_stairs":4,"minecraft:armor_stand":15,"minecraft:white_carpet":1,"minecraft:glass_pane":4,"minecraft:sea_pickle":3,"minecraft:beef":16,"minecraft:red_dye":4,"minecraft:iron_nugget":5,"minecraft:lectern":2,"minecraft:sugar_cane":32,"minecraft:furnace":9,"minecraft:raw_iron":20,"minecraft:stick":3,"iceandfire:dragonbone":22,"minecraft:stone":20,"regions_unexplored:silver_birch_leaf_pile":6,"minecraft:torch":5,"minecraft:bowl":1,"regions_unexplored:blue_lupine":6,"minecraft:porkchop":56,"regions_unexplored:daisy":9,"biomesoplenty:jacaranda_trapdoor":10,"minecraft:arrow":22,"minecraft:rotten_flesh":13,"biomesoplenty:jacaranda_log":291,"biomesoplenty:jacaranda_stairs":30,"minecraft:pumpkin_pie":12,"minecraft:saddle":1,"minecraft:gold_ingot":8,"minecraft:mutton":39,"minecraft:cod":4,"minecraft:white_wool":20,"minecraft:cobblestone":1348,"minecraft:birch_log":14,"minecraft:leather_chestplate":1,"minecraft:feather":38,"minecraft:lilac":1,"minecraft:birch_slab":4,"minecraft:leather":34,"minecraft:brown_wool":1,"minecraft:birch_planks":3,"regions_unexplored:meadow_sage":1,"biomesoplenty:fir_sapling":2,"biomesoplenty:fir_log":24,"biomesoplenty:jacaranda_door":3,"minecraft:mushroom_stew":1,"minecraft:oak_log":9,"minecraft:chainmail_chestplate":1,"minecraft:cobblestone_wall":4,"biomesoplenty:jacaranda_planks":3,"minecraft:gunpowder":2,"minecraft:dirt":259,"minecraft:lantern":3,"regions_unexplored:waratah":8,"regions_unexplored:aster":9,"minecraft:glass":20,"minecraft:red_carpet":2,"minecraft:bone":14,"minecraft:wheat_seeds":27,"minecraft:iron_ingot":3,"minecraft:dark_oak_sign":4,"minecraft:book":99,"minecraft:cooked_porkchop":1,"minecraft:birch_boat":1,"iceandfire:shiny_scales":22,"minecraft:sand":32,"minecraft:blast_furnace":5,"minecraft:white_bed":1,"minecraft:spruce_log":6,"minecraft:cyan_bed":3,"biomesoplenty:jacaranda_leaves":5,"minecraft:barrel":5,"immersive_armors:warrior_helmet":1,"regions_unexplored:hyssop":33,"regions_unexplored:fireweed":18,"minecraft:spruce_boat":3,"regions_unexplored:silver_birch_log":1,"minecraft:painting":28,"minecraft:gray_wool":1,"minecraft:emerald":3,"minecraft:black_wool":2,"minecraft:bricks":2,"iceandfire:silver_nugget":68,"biomesoplenty:stripped_jacaranda_log":12,"minecraft:coal":122,"iceandfire:raw_silver":6},"minecraft:used":{"iceandfire:silver_sword":195,"minecraft:oak_trapdoor":10,"minecraft:stone_sword":160,"minecraft:armor_stand":18,"minecraft:stone_shovel":120,"minecraft:chest":1,"minecraft:stone":91,"vanillaplustools:stone_hammer":108,"minecraft:cooked_chicken":6,"minecraft:torch":5,"minecraft:dirt":36,"minecraft:white_carpet":11,"minecraft:chainmail_chestplate":1,"immersive_armors:warrior_helmet":1,"minecraft:cobblestone_wall":2,"minecraft:stone_stairs":20,"minecraft:spruce_boat":3,"minecraft:glass":6,"minecraft:bricks":49,"minecraft:bookshelf":17,"minecraft:lantern":10,"biomesoplenty:jacaranda_log":62,"minecraft:barrel":65,"minecraft:stone_bricks":16,"biomesoplenty:jacaranda_stairs":122,"iceandfire:earplugs":7,"minecraft:red_carpet":4,"minecraft:furnace":19,"minecraft:cooked_beef":14,"biomesoplenty:jacaranda_fence":12,"minecraft:cooked_mutton":8,"biomesoplenty:jacaranda_door":3,"minecraft:birch_planks":3,"minecraft:stone_pickaxe":385,"minecraft:wooden_pickaxe":9,"minecraft:birch_boat":2,"minecraft:sugar_cane":6,"minecraft:stonecutter":3,"iceandfire:dragon_skull_lightning":1,"minecraft:blast_furnace":6,"minecraft:crafting_table":14,"vanillaplustools:stone_shovel":32,"minecraft:painting":29,"minecraft:white_bed":1,"biomesoplenty:jacaranda_planks":94,"minecraft:shears":5,"minecraft:smoker":2,"minecraft:flower_pot":10,"biomesoplenty:jacaranda_trapdoor":64,"minecraft:cyan_bed":3,"minecraft:stone_slab":4,"biomesoplenty:stripped_jacaranda_log":12,"minecraft:lilac":1,"minecraft:golden_leggings":1,"minecraft:stone_axe":538,"minecraft:cobblestone":49,"minecraft:grindstone":1,"minecraft:cooked_porkchop":32,"minecraft:glass_pane":15,"minecraft:pumpkin_pie":5,"biomesoplenty:jacaranda_leaves":5},"minecraft:broken":{"minecraft:stone_sword":1,"minecraft:stone_pickaxe":2,"minecraft:stone_axe":4},"minecraft:dropped":{"biomesoplenty:jacaranda_sapling":6,"regions_unexplored:fireweed":17,"minecraft:wheat_seeds":23,"minecraft:cooked_porkchop":19,"minecraft:apple":4,"minecraft:coal":54,"minecraft:birch_slab":4,"regions_unexplored:daisy":9,"minecraft:stick":1,"minecraft:dirt":3,"minecraft:brown_wool":1,"minecraft:pumpkin_pie":2,"regions_unexplored:silver_birch_leaf_pile":4,"minecraft:white_wool":8,"iceandfire:earplugs":1,"minecraft:stone_sword":1,"minecraft:dark_oak_sign":4,"minecraft:bowl":1,"minecraft:rotten_flesh":13,"regions_unexplored:hyssop":33,"regions_unexplored:silver_birch_log":1,"minecraft:leather_chestplate":1,"minecraft:sea_pickle":3,"minecraft:gunpowder":2,"minecraft:allium":3,"regions_unexplored:meadow_sage":1,"regions_unexplored:blue_lupine":6,"minecraft:black_wool":1},"minecraft:custom":{"minecraft:mob_kills":104,"minecraft:interact_with_crafting_table":93,"minecraft:open_barrel":253,"minecraft:leave_game":18,"minecraft:time_since_death":236969,"minecraft:climb_one_cm":939,"minecraft:sprint_one_cm":893693,"minecraft:walk_one_cm":516346,"minecraft:drop":39,"minecraft:talked_to_villager":1,"minecraft:play_time":319570,"minecraft:deaths":8,"minecraft:sneak_time":7492,"minecraft:walk_under_water_one_cm":51409,"minecraft:boat_one_cm":151274,"minecraft:jump":7496,"minecraft:interact_with_blast_furnace":13,"minecraft:walk_on_water_one_cm":72214,"minecraft:total_world_time":319570,"minecraft:interact_with_furnace":162,"minecraft:interact_with_cartography_table":1,"minecraft:pot_flower":10,"minecraft:interact_with_stonecutter":1,"minecraft:sleep_in_bed":17,"minecraft:time_since_rest":15235,"minecraft:damage_taken":4356,"minecraft:trigger_trapped_chest":1,"minecraft:damage_dealt":14645,"minecraft:swim_one_cm":220033,"minecraft:fly_one_cm":1778971,"minecraft:open_chest":10,"minecraft:crouch_one_cm":13643,"minecraft:fall_one_cm":189900,"minecraft:interact_with_smoker":2},"minecraft:killed":{"minecraft:spider":2,"creeperoverhaul:snowy_creeper":1,"minecraft:skeleton":9,"minecraft:chicken":16,"iceandfire:hippocampus":4,"minecraft:husk":4,"minecraft:pig":26,"creeperoverhaul:spruce_creeper":1,"minecraft:wandering_trader":1,"minecraft:frog":1,"minecraft:creeper":2,"minecraft:polar_bear":1,"minecraft:sheep":17,"minecraft:trader_llama":2,"minecraft:pillager":1,"minecraft:zombie":2,"iceandfire:ghost":3,"minecraft:cow":10},"minecraft:mined":{"minecraft:white_bed":1,"iceandfire:silver_ore":3,"regions_unexplored:blue_lupine":6,"minecraft:jungle_leaves":1,"biomesoplenty:jacaranda_fence":4,"regions_unexplored:bleeding_heart":2,"minecraft:allium":3,"minecraft:grass_block":33,"regions_unexplored:aster":9,"biomesoplenty:jacaranda_stairs":30,"minecraft:spawner":2,"biomesoplenty:jacaranda_log":294,"minecraft:furnace":9,"minecraft:iron_ore":20,"minecraft:barrel":5,"regions_unexplored:waratah":8,"minecraft:bookshelf":32,"minecraft:vine":3,"minecraft:lantern":3,"biomesoplenty:jacaranda_door":1,"minecraft:packed_ice":121,"regions_unexplored:medium_grass":41,"minecraft:white_tulip":1,"biomesoplenty:jacaranda_trapdoor":10,"minecraft:stone":948,"biomesoplenty:jacaranda_leaves":30,"minecraft:glass_pane":1,"biomesoplenty:jacaranda_planks":3,"minecraft:clay":68,"minecraft:crafting_table":11,"minecraft:blast_furnace":5,"regions_unexplored:salmon_poppy_bush":5,"minecraft:lectern":1,"biomesoplenty:stripped_jacaranda_log":12,"minecraft:stone_slab":1,"minecraft:tall_grass":1,"minecraft:cobblestone":23,"regions_unexplored:meadow_sage":1,"minecraft:cyan_bed":3,"regions_unexplored:daisy":9,"minecraft:sugar_cane":7,"minecraft:bricks":1,"regions_unexplored:potted_aster":1,"minecraft:wall_torch":4,"minecraft:seagrass":1,"minecraft:stone_stairs":4,"minecraft:birch_planks":3,"regions_unexplored:hyssop":34,"minecraft:birch_log":14,"minecraft:ice":18,"minecraft:blue_ice":4,"minecraft:spruce_log":5,"biomesoplenty:fir_log":7,"minecraft:grass":93,"iceandfire:silver_pile":6,"minecraft:coal_ore":100,"minecraft:oak_log":9,"biomesoplenty:fir_leaves":3,"minecraft:cyan_carpet":1,"minecraft:sand":33,"minecraft:dirt":239,"regions_unexplored:fireweed":18,"minecraft:oak_leaves":2,"minecraft:fern":7},"minecraft:crafted":{"minecraft:brick":235,"minecraft:grindstone":1,"minecraft:smooth_stone":6,"minecraft:oak_planks":36,"minecraft:stone_shovel":9,"minecraft:barrel":61,"minecraft:smooth_stone_slab":6,"vanillaplustools:stone_hammer":1,"minecraft:iron_nugget":72,"minecraft:birch_boat":1,"minecraft:cooked_chicken":6,"minecraft:birch_slab":36,"minecraft:furnace":14,"minecraft:blast_furnace":1,"minecraft:stone":135,"minecraft:bookshelf":17,"minecraft:white_carpet":12,"minecraft:cooked_mutton":8,"minecraft:glass_pane":16,"minecraft:oak_trapdoor":10,"minecraft:stone_stairs":20,"minecraft:glass":32,"minecraft:lantern":7,"minecraft:stone_pickaxe":13,"minecraft:cobblestone_wall":6,"minecraft:chest":1,"biomesoplenty:jacaranda_door":3,"minecraft:spruce_boat":1,"vanillaplustools:stone_shovel":1,"biomesoplenty:jacaranda_trapdoor":54,"minecraft:bricks":52,"minecraft:stone_bricks":16,"biomesoplenty:jacaranda_stairs":96,"minecraft:flower_pot":9,"minecraft:smoker":2,"minecraft:cooked_beef":14,"minecraft:red_dye":8,"biomesoplenty:jacaranda_planks":884,"minecraft:cooked_porkchop":55,"minecraft:crafting_table":6,"minecraft:spruce_planks":20,"minecraft:wooden_pickaxe":1,"minecraft:red_wool":4,"iceandfire:earplugs":1,"minecraft:birch_planks":56,"minecraft:red_carpet":6,"minecraft:stone_axe":5,"biomesoplenty:jacaranda_slab":90,"minecraft:painting":1,"minecraft:air":0,"biomesoplenty:jacaranda_fence":12,"biomesoplenty:fir_planks":96,"minecraft:stone_slab":6,"minecraft:stick":96,"minecraft:iron_ingot":20,"minecraft:stone_sword":2,"minecraft:armor_stand":3,"minecraft:stonecutter":3,"minecraft:torch":8,"minecraft:shears":1},"minecraft:killed_by":{"iceandfire:sea_serpent":3,"iceandfire:ice_dragon":5}},"DataVersion":3465}