{"stats":{"minecraft:killed_by":{"iceandfire:ice_dragon":3,"minecraft:skeleton":6,"minecraft:creeper":1,"minecraft:spider":1,"iceandfire:siren":1,"iceandfire:ghost":2,"iceandfire:sea_serpent":5},"minecraft:dropped":{"minecraft:birch_planks":11,"minecraft:wheat_seeds":2,"minecraft:player_head":1,"minecraft:dark_oak_sign":1,"immersive_armors:warrior_helmet":1,"minecraft:bowl":1,"minecraft:crafting_table":1,"minecraft:cobblestone":1,"minecraft:rotten_flesh":7,"minecraft:book":6,"minecraft:chainmail_chestplate":1,"biomesoplenty:fir_sapling":3,"iceandfire:shiny_scales":2,"minecraft:leather_chestplate":1,"minecraft:dirt":1,"minecraft:gray_wool":1,"minecraft:mutton":8,"minecraft:pumpkin_pie":5,"minecraft:spider_eye":1,"minecraft:sunflower":1,"minecraft:calcite":2,"minecraft:dark_oak_planks":1,"minecraft:string":1,"minecraft:white_wool":6},"minecraft:mined":{"regions_unexplored:tall_hyacinth_stock":1,"regions_unexplored:silver_birch_leaf_pile":2,"minecraft:red_banner":1,"minecraft:powder_snow":7,"minecraft:crafting_table":2,"minecraft:blast_furnace":2,"minecraft:calcite":2,"minecraft:grass_block":4,"iceandfire:ghost_chest":1,"minecraft:tall_grass":1,"iceandfire:dragon_ice":1,"minecraft:cyan_bed":1,"minecraft:spawner":3,"minecraft:hay_block":2,"minecraft:black_stained_glass_pane":2,"minecraft:birch_log":6,"biomesoplenty:yellow_autumn_leaves":1,"minecraft:iron_ore":8,"minecraft:ice":4,"biomesoplenty:lavender":1,"minecraft:lilac":1,"biomesoplenty:fir_log":109,"minecraft:azure_bluet":1,"iceandfire:silver_pile":4,"minecraft:grass":21,"minecraft:bookshelf":2,"minecraft:coal_ore":20,"biomesoplenty:fir_leaves":17,"minecraft:sunflower":1,"minecraft:dirt":5,"minecraft:packed_ice":111,"minecraft:stone":12,"minecraft:player_head":1,"minecraft:dark_oak_planks":1,"minecraft:fern":9},"minecraft:used":{"minecraft:stone_sword":129,"minecraft:rabbit":1,"minecraft:stone_pickaxe":144,"minecraft:wooden_pickaxe":14,"minecraft:dirt":8,"iceandfire:copper_sword":87,"minecraft:crafting_table":3,"minecraft:mushroom_stew":1,"minecraft:cod":2,"biomesoplenty:fir_sapling":1,"minecraft:stone_axe":132,"minecraft:porkchop":2,"minecraft:cooked_porkchop":8,"minecraft:cooked_beef":4},"minecraft:crafted":{"minecraft:cooked_beef":8,"minecraft:crafting_table":1,"minecraft:wooden_pickaxe":1,"iceandfire:earplugs":1,"minecraft:birch_planks":24,"minecraft:stone_axe":1,"minecraft:air":0,"minecraft:stick":8,"minecraft:stone_pickaxe":2,"minecraft:stone_sword":1},"minecraft:killed":{"iceandfire:hippocampus":3,"minecraft:husk":1,"minecraft:pig":6,"minecraft:spider":1,"minecraft:polar_bear":1,"minecraft:skeleton":3,"minecraft:sheep":11,"minecraft:zombie":4,"minecraft:cow":7},"minecraft:custom":{"minecraft:interact_with_furnace":11,"minecraft:mob_kills":37,"minecraft:tune_noteblock":3,"minecraft:interact_with_crafting_table":5,"minecraft:open_barrel":7,"minecraft:eat_cake_slice":2,"minecraft:leave_game":3,"minecraft:time_since_death":2301,"minecraft:climb_one_cm":711,"minecraft:time_since_rest":2338,"minecraft:sprint_one_cm":229299,"minecraft:damage_taken":6196,"minecraft:walk_one_cm":214852,"minecraft:trigger_trapped_chest":3,"minecraft:drop":30,"minecraft:damage_dealt":6912,"minecraft:swim_one_cm":150685,"minecraft:fly_one_cm":545234,"minecraft:open_chest":19,"minecraft:crouch_one_cm":4573,"minecraft:play_time":84947,"minecraft:deaths":19,"minecraft:sneak_time":1460,"minecraft:walk_under_water_one_cm":39484,"minecraft:boat_one_cm":51067,"minecraft:jump":2238,"minecraft:interact_with_blast_furnace":1,"minecraft:walk_on_water_one_cm":35198,"minecraft:total_world_time":84947,"minecraft:fall_one_cm":65971},"minecraft:broken":{"minecraft:leather_boots":1,"minecraft:stone_sword":1,"minecraft:stone_axe":1,"minecraft:stone_pickaxe":1},"minecraft:picked_up":{"minecraft:birch_log":6,"minecraft:crafting_table":4,"minecraft:cooked_beef":1,"iceandfire:copper_sword":1,"minecraft:leather":2,"minecraft:birch_planks":11,"regions_unexplored:tall_hyacinth_stock":2,"biomesoplenty:fir_sapling":4,"biomesoplenty:fir_log":104,"minecraft:potion":1,"iceandfire:ectoplasm":2,"iceandfire:manuscript":7,"minecraft:dirt":9,"minecraft:string":1,"minecraft:bone":1,"minecraft:wheat_seeds":2,"minecraft:rabbit_hide":1,"minecraft:dark_oak_sign":1,"minecraft:beef":15,"minecraft:player_head":1,"minecraft:calcite":2,"minecraft:rabbit":1,"minecraft:book":9,"iceandfire:ghost_chest":1,"minecraft:stick":7,"minecraft:raw_iron":8,"regions_unexplored:silver_birch_leaf_pile":8,"minecraft:cooked_porkchop":9,"minecraft:copper_ingot":2,"iceandfire:shiny_scales":8,"minecraft:porkchop":9,"minecraft:red_banner":1,"minecraft:blast_furnace":2,"minecraft:cyan_bed":1,"minecraft:spider_eye":1,"minecraft:dark_oak_planks":1,"iceandfire:silver_ingot":1,"minecraft:rotten_flesh":7,"minecraft:painting":1,"minecraft:gray_wool":1,"minecraft:gold_ingot":2,"iceandfire:earplugs":1,"iceandfire:silver_nugget":46,"minecraft:coal":23,"minecraft:mutton":17,"minecraft:cod":2,"minecraft:white_wool":8,"minecraft:cobblestone":12,"minecraft:sunflower":1}},"DataVersion":3465}