{"stats":{"minecraft:picked_up":{"iceandfire:dragon_skull_lightning":2,"minecraft:crafting_table":5,"iceandfire:copper_sword":1,"regions_unexplored:tall_hyacinth_stock":2,"minecraft:potion":1,"iceandfire:manuscript":7,"minecraft:string":1,"minecraft:beef":24,"minecraft:calcite":2,"minecraft:player_head":1,"iceandfire:dragonbone":22,"minecraft:stick":7,"minecraft:raw_iron":21,"iceandfire:ghost_chest":1,"regions_unexplored:silver_birch_leaf_pile":8,"minecraft:copper_ingot":2,"minecraft:porkchop":14,"regions_unexplored:pink_magnolia_shrub":1,"minecraft:dark_oak_planks":1,"iceandfire:silver_ingot":1,"minecraft:rotten_flesh":8,"iceandfire:earplugs":1,"minecraft:gold_ingot":2,"minecraft:mutton":20,"minecraft:cod":2,"biomesoplenty:orange_cosmos":1,"minecraft:cobblestone":21,"minecraft:white_wool":10,"minecraft:birch_log":6,"minecraft:cooked_beef":1,"minecraft:leather":6,"biomesoplenty:fir_sapling":4,"biomesoplenty:fir_log":104,"minecraft:birch_planks":11,"minecraft:oak_log":1,"iceandfire:ectoplasm":2,"minecraft:gunpowder":2,"minecraft:dirt":13,"minecraft:bone":3,"minecraft:wheat_seeds":5,"minecraft:rabbit_hide":1,"minecraft:dark_oak_sign":1,"minecraft:rabbit":1,"minecraft:book":9,"minecraft:cooked_porkchop":19,"iceandfire:shiny_scales":8,"minecraft:red_banner":1,"minecraft:blast_furnace":2,"minecraft:spruce_log":4,"minecraft:cyan_bed":1,"minecraft:spider_eye":1,"minecraft:painting":1,"minecraft:gray_wool":1,"minecraft:oak_sapling":2,"minecraft:black_wool":1,"minecraft:coal":28,"iceandfire:silver_nugget":46,"minecraft:sunflower":1},"minecraft:used":{"minecraft:stone_sword":163,"minecraft:dirt":8,"minecraft:mutton":3,"iceandfire:copper_sword":88,"biomesoplenty:fir_sapling":1,"minecraft:cooked_beef":5,"minecraft:rabbit":1,"minecraft:stone_pickaxe":170,"minecraft:wooden_pickaxe":17,"minecraft:crafting_table":4,"minecraft:mushroom_stew":1,"minecraft:cod":2,"minecraft:stone_axe":134,"minecraft:porkchop":4,"minecraft:cooked_porkchop":13},"minecraft:broken":{"minecraft:stone_sword":1,"minecraft:stone_pickaxe":1,"minecraft:leather_boots":1,"minecraft:stone_axe":1},"minecraft:dropped":{"minecraft:birch_planks":11,"minecraft:wheat_seeds":2,"immersive_armors:warrior_helmet":1,"minecraft:crafting_table":1,"minecraft:cobblestone":1,"minecraft:book":6,"biomesoplenty:fir_sapling":3,"minecraft:dirt":1,"minecraft:gray_wool":1,"minecraft:mutton":8,"minecraft:pumpkin_pie":5,"minecraft:sunflower":1,"minecraft:dark_oak_planks":1,"minecraft:string":1,"minecraft:white_wool":6,"iceandfire:dragonbone":22,"minecraft:player_head":1,"minecraft:dark_oak_sign":1,"minecraft:bowl":1,"minecraft:rotten_flesh":7,"iceandfire:shiny_scales":2,"minecraft:chainmail_chestplate":1,"minecraft:leather_chestplate":1,"minecraft:spider_eye":1,"minecraft:calcite":2,"iceandfire:dragon_skull_lightning":2},"minecraft:custom":{"minecraft:mob_kills":46,"minecraft:interact_with_crafting_table":9,"minecraft:open_barrel":13,"minecraft:eat_cake_slice":2,"minecraft:leave_game":12,"minecraft:time_since_death":20672,"minecraft:climb_one_cm":967,"minecraft:sprint_one_cm":328167,"minecraft:walk_one_cm":245772,"minecraft:drop":33,"minecraft:play_time":108838,"minecraft:deaths":20,"minecraft:sneak_time":1608,"minecraft:walk_under_water_one_cm":44071,"minecraft:boat_one_cm":51067,"minecraft:jump":2967,"minecraft:interact_with_blast_furnace":1,"minecraft:walk_on_water_one_cm":46921,"minecraft:total_world_time":108838,"minecraft:interact_with_furnace":11,"minecraft:tune_noteblock":3,"minecraft:sleep_in_bed":1,"minecraft:time_since_rest":3162,"minecraft:damage_taken":6747,"minecraft:trigger_trapped_chest":3,"minecraft:damage_dealt":7792,"minecraft:swim_one_cm":168736,"minecraft:fly_one_cm":694348,"minecraft:open_chest":21,"minecraft:crouch_one_cm":4573,"minecraft:fall_one_cm":89865},"minecraft:crafted":{"minecraft:stone_pickaxe":3,"minecraft:cooked_beef":8,"minecraft:crafting_table":2,"minecraft:spruce_planks":16,"minecraft:wooden_pickaxe":2,"iceandfire:earplugs":1,"minecraft:birch_planks":24,"minecraft:stone_axe":2,"minecraft:air":0,"minecraft:stick":16,"minecraft:stone_sword":2},"minecraft:killed":{"minecraft:spider":1,"minecraft:skeleton":3,"iceandfire:hippocampus":3,"minecraft:husk":1,"minecraft:pig":8,"minecraft:polar_bear":1,"minecraft:sheep":14,"minecraft:zombie":4,"minecraft:cow":11},"minecraft:mined":{"minecraft:dark_oak_planks":1,"minecraft:grass_block":5,"minecraft:spruce_leaves":1,"iceandfire:dragon_ice":1,"minecraft:spawner":3,"minecraft:hay_block":2,"minecraft:black_stained_glass_pane":2,"biomesoplenty:orange_cosmos":1,"minecraft:iron_ore":21,"biomesoplenty:lavender":1,"minecraft:azure_bluet":1,"minecraft:bookshelf":2,"minecraft:packed_ice":111,"minecraft:stone":22,"minecraft:player_head":1,"minecraft:podzol":2,"regions_unexplored:tall_hyacinth_stock":1,"regions_unexplored:silver_birch_leaf_pile":2,"minecraft:red_banner":1,"minecraft:powder_snow":7,"minecraft:crafting_table":3,"minecraft:blast_furnace":2,"minecraft:calcite":2,"iceandfire:ghost_chest":1,"minecraft:tall_grass":2,"minecraft:cyan_bed":1,"biomesoplenty:yellow_autumn_leaves":1,"minecraft:birch_log":6,"minecraft:ice":4,"minecraft:lilac":1,"minecraft:spruce_log":4,"biomesoplenty:fir_log":109,"minecraft:grass":28,"minecraft:oak_log":1,"minecraft:coal_ore":26,"iceandfire:silver_pile":4,"biomesoplenty:fir_leaves":17,"minecraft:sunflower":1,"minecraft:dirt":6,"minecraft:oak_leaves":6,"minecraft:fern":9},"minecraft:killed_by":{"minecraft:creeper":1,"minecraft:spider":2,"iceandfire:siren":1,"iceandfire:sea_serpent":5,"iceandfire:ice_dragon":3,"minecraft:skeleton":6,"iceandfire:ghost":2}},"DataVersion":3465}